{"boundaryID": "IND-ADM0-92124544", "boundaryISO": "IND", "boundaryYear": "2014", "boundaryType": "ADM0", "boundarySource": "geoBoundaries, Wikimedia Commons", "boundaryCanonical": "India", "boundaryLicense": "CC0 1.0 Universal (CC0 1.0) Public Domain Dedication", "licenseDetail": "", "licenseSource": "https//commons.wikimedia.org/wiki/Category", "boundarySourceURL": "https//commons.wikimedia.org/wiki/File", "sourceDataUpdateDate": "Thu Jan 19 07:31:04 2023", "buildDate": "Jan 30, 2023", "admUnitCount": "1", "meanVertices": "2082.0", "minVertices": "2082", "maxVertices": "2082", "meanPerimeterLengthKM": "19746.7987737894", "maxPerimeterLengthKM": "19746.7987737894", "minPerimeterLengthKM": "19746.7987737894", "meanAreaSqKM": "3268752.263166192", "minAreaSqKM": "3268752.263166192", "maxAreaSqKM": "3268752.263166192"}